sprint,milestone,story_id,title,type,files,acceptance_criteria,test_gate,status,points
S0,—,S0-1,Architecture stop gate sign-off,docs,00-ARCHITECTURE-REVIEW-STOP-GATE.md,PO+architect sign,checklist,done,0
S0,—,S0-2,Gap matrix CSVs for UX/business,docs,gap-matrix-events.csv;gap-matrix-features.csv,Importable in Sheets,review,done,0
S0,—,S0-3,E2E skeleton food happy path,test,e2e/food-happy-path.spec.ts,Skipped tests pass in CI,CI skeleton,done,2
S1,M1,S1-1,Migration order_packing_proofs,db,infra/postgres/migrations/045_order_packing_proofs.sql,Migration applies clean,db migrate,done,3
S1,M1,S1-2,packingProof server module,backend,lib/server/packingProof.ts,Upload validates mime/size,unit packingProof,done,5
S1,M1,S1-3,POST packing-proof API,backend,app/api/merchant/orders/[id]/packing-proof/route.ts,201 on success,api test,done,5
S1,M1,S1-4,Merchant packing photo UI,frontend,app/m/merchant/orders/page.tsx,Upload before ready enabled,manual merchant,done,5
S1,M1,S1-5,Ready gate without photo,backend,lib/server/merchantOrders.ts,409 without proof,integration,done,3
S1,M1,S1-6,Emit packing_proof event,backend,lib/server/aqondEventBus.ts,Event in JSON log,event inspect,done,2
S1,M1,S1-7,Integration test packing gate,test,scripts/packing-proof.test.mjs,CI green,npm test,done,3
S2,M1,S2-1,Signed pickup QR token,backend,lib/server/merchantOrderQr.ts,Verify roundtrip,unit qr,todo,5
S2,M1,S2-2,GET pickup-qr API,backend,app/api/merchant/orders/[id]/pickup-qr/route.ts,Returns payload+svg,api test,todo,3
S2,M1,S2-3,Merchant QR display,frontend,app/m/merchant/orders/page.tsx,QR scannable,manual scan,todo,5
S2,M1,S2-4,Print QR card component,frontend,components/mobile/MerchantOrderQrCard.tsx,Print layout ok,visual,todo,3
S3,M1,S3-1,Extend rider phases,backend,lib/riderPhaseFlow.ts,5 new phases,unit phase,todo,5
S3,M1,S3-2,Rider QR scanner UI,frontend,components/mobile/RiderQrScanner.tsx,Scan decodes token,manual,todo,5
S3,M1,S3-3,verify-pickup API,backend,app/api/rider/jobs/[id]/verify-pickup/route.ts,Mismatch 400,api test,todo,5
S3,M1,S3-4,Pickup photo mandatory,frontend,app/m/rider/active/[jobId]/page.tsx,Block depart,manual rider,todo,5
S3,M1,S3-5,Phase order guards,backend,app/api/rider/jobs/[id]/phase/route.ts,Skip rejected,integration,todo,3
S3,M1,S3-6,QR and pickup events,backend,lib/server/aqondEventBus.ts,Events logged,event inspect,todo,2
S4,M1,S4-1,Customer confirm receipt,backend,lib/server/foodConfirmReceipt.ts,Sets completed,unit,done,5
S4,M1,S4-2,confirm API,backend,app/api/food/tracking/[orderId]/confirm/route.ts,200 confirm,api test,done,3
S4,M1,S4-3,Track confirm CTA,frontend,app/m/food/track/[orderId]/page.tsx,Button visible post-delivery,manual,done,3
S4,M1,S4-4,Review tip after confirm,frontend,components/mobile/TtDeliveryReviewPanel.tsx,Blocked until confirm,manual,done,3
S4,M1,S4-5,Wire RiderIssueSheet,frontend,app/m/rider/active/[jobId]/page.tsx,Sheet opens,manual,done,2
S4,M1,S4-6,Merchant chat from order,frontend,app/m/merchant/orders/page.tsx,Deep link chat,manual,done,2
S4,M1,S4-7,M1 completion events,backend,lib/server/aqondEventBus.ts,review tip confirmed,event trace,done,2
S5,M1,S5-1,E2E food happy path CI,test,e2e/food-happy-path.spec.ts;scripts/food-happy-path.test.mjs,Green in CI,e2e,done,8
S5,M1,S5-2,Feature flags env docs,docs,.env.example,Flags documented,review,done,2
S5,M1,S5-3,Update gap matrix M1 rows,docs,gap-matrix-features.csv,M1 all check,diff review,done,2
S6,M2,S6-1,trackOsProjection module,backend,lib/server/trackOsProjection.ts,Unified shape,unit,done,8
S6,M2,S6-2,Admin track BFF API,backend,app/api/admin/food/orders/[id]/track/route.ts,200 full payload,api test,done,5
S6,M2,S6-3,Timeline merge PG+live,backend,lib/server/orderTimeline.ts,No duplicate entries,unit,done,5
S7,M2,S7-1,Admin TrackOsDetailPanel,frontend,nexus-admin-core/components/TrackOsDetailPanel.tsx,11 sections,manual admin,done,8
S7,M2,S7-2,Customer photo gallery,frontend,components/mobile/TtDeliveryProofGallery.tsx,3 proof types,manual,done,5
S7,M2,S7-3,Admin chat embed,frontend,FoodMerchantOsView.tsx,Both threads,manual,done,5
S8,M2,S8-1,SSE realtime track,backend,app/api/admin/food/orders/[id]/events/stream/route.ts,Events within 5s,load test,done,8
S8,M2,S8-2,M2 PV scenarios,docs,docs/platform-validation/track-os/,Scenarios pass,pv checklist,done,5
S9,M3,S9-1,Dispute state machine,backend,lib/server/merchantDisputes.ts,States enforced,unit,todo,8
S9,M3,S9-2,Case 1-2 categories,backend,lib/disputePolicy.ts,Policy rules,unit,todo,5
S9,M3,S9-3,Customer dispute UI cases,frontend,TtDisputeReportSheet.tsx,All fields,manual,todo,5
S10,M3,S10-1,Case 3-5 categories,backend,lib/disputePolicy.ts,Damaged foreign wrong rider,unit,todo,5
S10,M3,S10-2,QR mismatch auto-claim,backend,app/api/rider/jobs/[id]/verify-pickup/route.ts,Creates dispute,integration,todo,5
S10,M3,S10-3,Photo evidence required,frontend,TtDisputeReportSheet.tsx,Validation,manual,todo,5
S11,M3,S11-1,claimSettlement module,backend,lib/server/claimSettlement.ts,Refund calc,unit,todo,8
S11,M3,S11-2,settle API,backend,app/api/disputes/[id]/settle/route.ts,Sandbox refund,api test,todo,5
S11,M3,S11-3,Partial refund UI,frontend,nexus-admin dispute panel,Line items,manual,todo,5
S12,M3,S12-1,claimReplace module,backend,lib/server/claimReplace.ts,New order link,unit,todo,5
S12,M3,S12-2,redispatch API,backend,app/api/disputes/[id]/redispatch/route.ts,New dispatch job,integration,todo,8
S12,M3,S12-3,B003 food claim PV,docs,docs/platform-validation/b003-food/,All rows pass,pv,todo,5
S13,M4,S13-1,lifecycleEventTypes catalog,backend,lib/server/lifecycleEventTypes.ts,28 types,unit,todo,3
S13,M4,S13-2,Storefront emitters all paths,backend,multiple,Each transition emits,event trace,todo,8
S13,M4,S13-3,Review tip completed events,backend,aqondEventBus.ts,Payload schema,contract test,todo,3
S14,M4,S14-1,dispatch-svc lifecycle emit,backend,services/dispatch-svc/,Dual write,go test,todo,8
S14,M4,S14-2,order-svc fulfillment emit,backend,services/order-svc/,Dual write,go test,todo,5
S14,M4,S14-3,eventProjector worker,backend,lib/server/eventProjector.ts,Idempotent,unit,todo,8
S15,M4,S15-1,notify.go all templates,backend,services/dispatch-svc/notify.go,Push on key events,manual,todo,5
S15,M4,S15-2,UI poll on events,frontend,track+merchant+rider,5s sync,manual,todo,5
S16,M5,S16-1,order_lifecycle_events migration,db,migrations/045_order_lifecycle_events.sql,Apply clean,db,todo,5
S16,M5,S16-2,eventOutbox + DLQ,db,migrations/048_event_outbox.sql;migrations/049_event_dlq.sql,Tables exist,db,todo,5
S16,M5,S16-3,lifecycleProjector worker,backend,workers/lifecycleProjector.ts,Processes outbox,integration,todo,8
S16,M5,S16-4,Admin replay API,backend,app/api/admin/events/replay/route.ts,Replay idempotent,api test,todo,5
S17,M5,S17-1,Shop chat PG migration,db,migrations/046_shop_chat.sql,Data migrated,migration script,todo,8
S17,M5,S17-2,Disputes PG migration,db,migrations/047_food_disputes.sql,Data migrated,migration script,todo,8
S17,M5,S17-3,Disable JSON in production,backend,aqondEventBus.ts,NODE_ENV guard,integration,todo,3
S17,M5,S17-4,Observability metrics,backend,metrics middleware,DLQ depth visible,dashboard,todo,5
S18,M6,S18-1,Claim classify route,backend,infra/ai-core/routes/claim-classify.js,Suggestion only,api test,todo,5
S18,M6,S18-2,Photo classify route,backend,infra/ai-core/routes/photo-classify.js,Tags returned,api test,todo,5
S18,M6,S18-3,Incident summary route,backend,infra/ai-core/routes/incident-summary.js,Summary text,api test,todo,3
S18,M6,S18-4,Duplicate detection,backend,infra/ai-core/lib/duplicateDetect.js,Warn on dup,unit,todo,5
S19,M7,S19-1,Full E2E regression,test,e2e/,All green,CI,todo,8
S19,M7,S19-2,B003 complete PV,docs,docs/platform-validation/,100% pass,pv,todo,5
S19,M7,S19-3,Completion report,docs,05-COMPLETION-REPORT.md,Published,review,todo,3
S19,M7,S19-4,FairPlay prep stub,docs,docs/fairplay-os/README.md,Hooks documented,no code,todo,2
